error_type,feature,mean_abs_z_vs_train,mean_feature_value
FP,X51,0.4272889681610991,164.6890256781212
FP,X52,0.42712334918400624,164.1331211332727
FP,X50,0.4268378297539725,165.07234629145452
FP,X54,0.4267807749222624,162.15989124612122
FP,X53,0.4267725371941913,163.29946742269698
FP,X36,0.42646898451870585,162.4544764942424
FP,X37,0.42634859309519146,161.13136623566666
FP,X55,0.4263229393939012,162.62212892166667
FP,X49,0.42627543939054274,165.3880685810606
FP,X35,0.4262302369109049,163.44501121739398
FN,X88,1.588065728250484,36455.09976
FN,X87,1.5209826344736577,35132.071
FN,X89,1.516601339708556,35132.071
FN,X86,1.4647028839662781,34031.22531
FN,X90,1.4597118873089308,34031.22531
FN,X85,1.4176519865541188,33115.25035
FN,X91,1.411872630533521,33115.25035
FN,X84,1.3784109677682572,32353.09982
FN,X92,1.3717326650506734,32353.09982
FN,X83,1.3466068433350238,31718.94118
