Index,X1,X2,X3,X4,X5,X6,X7,X8,X9,X10,X11,X12,X13,X14,X15,X16,X17,X18,X19,X20,X21,X22,X23,X24,X25,X26,X27,X28,X29,X30,X31,X32,X33,X34,X35,X36,X37,X38,X39,X40,X41,X42,X43,X44,X45,X46,X47,X48,X49,X50,X51,X52,X53,X54,X55,X56,X57,X58,X59,X60,X61,X62,X63,X64,X65,X66,X67,X68,X69,X70,X71,X72,X73,X74,X75,X76,X77,X78,X79,X80,X81,X82,X83,X84,X85,X86,X87,X88,X89,X90,X91,X92,X93,X94,X95,X96,X97,X98,X99,X100,actual,predicted,probability,error_type,distance_to_0_5
41,224.7864001,224.7864001,224.7863999,224.7863998,224.7863996,224.7863994,224.7863991,224.7863987,224.7863982,224.7863975,224.7863967,224.7863956,224.7863941,224.7863923,224.7863899,224.7863867,224.7863827,224.7863774,224.7863706,224.7863617,224.7863502,224.7863353,224.786316,224.7862909,224.7862584,224.7862162,224.7861615,224.7860906,224.7859985,224.7858791,224.7857242,224.7855234,224.7852628,224.7849249,224.7844865,224.783918,224.7831805,224.7822239,224.7809832,224.7793739,224.7772864,224.7745789,224.771067,224.7665118,224.7606034,224.7529397,224.7429994,224.730106,224.7133822,224.6916903,224.6635542,224.6270595,224.5797231,224.5183243,224.4386852,224.3353874,224.2014022,224.0276132,223.8021956,223.5098119,223.130568,222.6386597,222.0006173,221.1730278,220.0995811,218.7072392,216.9012657,214.5587806,211.5203993,207.5793874,202.4675952,195.8372116,187.2370996,176.0820999,161.6132164,176.0820999,187.2370996,195.8372116,202.4675952,207.5793874,211.5203993,214.5587806,216.9012657,218.7072392,220.0995811,221.1730278,222.0006173,222.6386597,223.130568,223.5098119,223.8021956,224.0276132,224.2014022,224.3353874,224.4386852,224.5183243,224.5797231,224.6270595,224.6635542,224.6916903,0,1,0.5058028104201158,FP,0.005802810420115767
395,25.71195087,25.71191959,25.71187976,25.71182903,25.71176443,25.71168214,25.71157735,25.71144388,25.7112739,25.71105742,25.71078171,25.71043056,25.70998335,25.70941379,25.70868841,25.70776457,25.70658797,25.70508948,25.70318102,25.70075042,25.69765485,25.69371237,25.68869128,25.68229649,25.67415216,25.66377965,25.65056935,25.63374489,25.61231747,25.58502779,25.55027201,25.5060075,25.44963279,25.37783469,25.28639357,25.16993534,25.02161564,24.83271761,24.59213952,24.28574238,23.89551897,23.39853549,22.76558377,21.95946468,20.93280187,19.62525742,17.95998578,15.83911742,17.95998578,19.62525742,20.93280187,21.95946468,22.76558377,23.39853549,23.89551897,24.28574238,24.59213952,24.83271761,25.02161564,25.16993534,25.28639357,25.37783469,25.44963279,25.5060075,25.55027201,25.58502779,25.61231747,25.63374489,25.65056935,25.66377965,25.67415216,25.68229649,25.68869128,25.69371237,25.69765485,25.70075042,25.70318102,25.70508948,25.70658797,25.70776457,25.70868841,25.70941379,25.70998335,25.71043056,25.71078171,25.71105742,25.7112739,25.71144388,25.71157735,25.71168214,25.71176443,25.71182903,25.71187976,25.71191959,25.71195087,25.71197542,25.71199471,25.71200985,25.71202173,25.71203107,0,1,0.5069742099079749,FP,0.0069742099079749265
99,17.14498354,17.1449823,17.14498079,17.14497892,17.14497662,17.1449738,17.14497033,17.14496606,17.14496082,17.14495437,17.14494643,17.14493668,17.14492469,17.14490994,17.14489181,17.14486951,17.1448421,17.14480839,17.14476695,17.14471598,17.14465332,17.14457627,17.14448154,17.14436505,17.14422182,17.14404571,17.14382916,17.14356289,17.1432355,17.14283294,17.14233796,17.14172934,17.14098099,17.14006082,17.13892941,17.13753823,17.13582766,17.13372437,17.13113819,17.12795827,17.12404828,17.11924061,17.11332918,17.10606056,17.09712318,17.0861339,17.07262164,17.05600717,17.03557825,17.01045915,16.97957308,16.941596,16.89489995,16.83748316,16.76688431,16.68007699,16.57333997,16.44209768,16.28072407,16.08230143,15.83832383,15.53833252,15.16946758,15.53833252,15.83832383,16.08230143,16.28072407,16.44209768,16.57333997,16.68007699,16.76688431,16.83748316,16.89489995,16.941596,16.97957308,17.01045915,17.03557825,17.05600717,17.07262164,17.0861339,17.09712318,17.10606056,17.11332918,17.11924061,17.12404828,17.12795827,17.13113819,17.13372437,17.13582766,17.13753823,17.13892941,17.14006082,17.14098099,17.14172934,17.14233796,17.14283294,17.1432355,17.14356289,17.14382916,17.14404571,0,1,0.5070998043793725,FP,0.007099804379372521
203,1.554480296,1.554480173,1.554480023,1.554479841,1.554479618,1.554479347,1.554479017,1.554478615,1.554478124,1.554477526,1.554476798,1.55447591,1.554474828,1.554473509,1.554471902,1.554469943,1.554467557,1.554464648,1.554461102,1.554456782,1.554451516,1.5544451,1.554437279,1.554427748,1.554416133,1.554401978,1.554384727,1.554363703,1.554338081,1.554306855,1.5542688,1.554222423,1.554165903,1.554097021,1.554013075,1.55391077,1.55378609,1.553634143,1.553448964,1.553223286,1.552948251,1.552613066,1.552204575,1.551706746,1.55110004,1.550360645,1.549459544,1.548361369,1.54702302,1.54539197,1.543404205,1.540981711,1.53802941,1.534431434,1.530046569,1.524702723,1.518190164,1.510253289,1.500580598,1.488792463,1.47442623,1.456918063,1.435580811,1.409577044,1.377886181,1.33926444,1.292196017,1.2348336,1.292196017,1.33926444,1.377886181,1.409577044,1.435580811,1.456918063,1.47442623,1.488792463,1.500580598,1.510253289,1.518190164,1.524702723,1.530046569,1.534431434,1.53802941,1.540981711,1.543404205,1.54539197,1.54702302,1.548361369,1.549459544,1.550360645,1.55110004,1.551706746,1.552204575,1.552613066,1.552948251,1.553223286,1.553448964,1.553634143,1.55378609,1.55391077,0,1,0.5071582720159344,FP,0.0071582720159344415
265,389.7184107,389.7184081,389.7184048,389.7184007,389.7183956,389.7183893,389.7183813,389.7183712,389.7183587,389.718343,389.7183233,389.7182986,389.7182677,389.718229,389.7181806,389.7181199,389.7180439,389.7179487,389.7178295,389.7176801,389.7174931,389.7172589,389.7169655,389.716598,389.7161377,389.7155612,389.7148392,389.7139349,389.7128023,389.7113837,389.7096069,389.7073816,389.7045944,389.7011035,389.6967312,389.6912549,389.6843961,389.6758055,389.6650461,389.65157,389.6346916,389.6135517,389.5870744,389.5539122,389.5123772,389.4603555,389.3951995,389.3135929,389.2113824,389.0833659,388.9230279,388.7222079,388.4706852,388.1556583,387.7610938,387.2669101,386.6479554,385.8727277,384.9017715,383.6856693,382.162527,380.2548235,377.8654651,374.8728443,371.12465,366.4301159,360.5503111,353.1859799,343.9623107,332.40986,317.9406597,332.40986,343.9623107,353.1859799,360.5503111,366.4301159,371.12465,374.8728443,377.8654651,380.2548235,382.162527,383.6856693,384.9017715,385.8727277,386.6479554,387.2669101,387.7610938,388.1556583,388.4706852,388.7222079,388.9230279,389.0833659,389.2113824,389.3135929,389.3951995,389.4603555,389.5123772,389.5539122,389.5870744,389.6135517,0,1,0.505213926483431,FP,0.005213926483430997
71,3.276305538,3.276299573,3.27629223,3.276283192,3.276272067,3.276258373,3.276241518,3.276220771,3.276195233,3.276163799,3.276125107,3.276077482,3.276018861,3.275946704,3.275857886,3.275748562,3.275613996,3.275448359,3.275244478,3.274993523,3.274684624,3.274304404,3.273836393,3.273260323,3.272551244,3.271678443,3.270604121,3.269281746,3.267654047,3.265650525,3.263184408,3.260148884,3.256412484,3.25181338,3.246152383,3.239184309,3.230607366,3.220050079,3.207055203,3.191059921,3.171371463,3.147137107,3.117307243,3.080589916,3.035394869,2.979764667,2.911289921,2.827004936,2.723259261,2.595559586,2.438375137,2.244898127,2.006748911,2.244898127,2.438375137,2.595559586,2.723259261,2.827004936,2.911289921,2.979764667,3.035394869,3.080589916,3.117307243,3.147137107,3.171371463,3.191059921,3.207055203,3.220050079,3.230607366,3.239184309,3.246152383,3.25181338,3.256412484,3.260148884,3.263184408,3.265650525,3.267654047,3.269281746,3.270604121,3.271678443,3.272551244,3.273260323,3.273836393,3.274304404,3.274684624,3.274993523,3.275244478,3.275448359,3.275613996,3.275748562,3.275857886,3.275946704,3.276018861,3.276077482,3.276125107,3.276163799,3.276195233,3.276220771,3.276241518,3.276258373,0,1,0.5071393578804442,FP,0.007139357880444175
119,46.71311521,46.71311516,46.7131151,46.71311503,46.71311493,46.7131148,46.71311463,46.7131144,46.71311412,46.71311374,46.71311326,46.71311262,46.7131118,46.71311073,46.71310934,46.71310753,46.71310518,46.71310212,46.71309815,46.71309298,46.71308626,46.71307752,46.71306616,46.71305138,46.71303217,46.71300719,46.71297471,46.71293247,46.71287756,46.71280615,46.7127133,46.71259257,46.71243559,46.71223147,46.71196606,46.71162095,46.71117221,46.71058873,46.70983005,46.70884355,46.70756083,46.70589294,46.70372422,46.7009043,46.69723762,46.69246993,46.68627061,46.6782098,46.66772852,46.65409998,46.63637912,46.61333713,46.5833762,46.54441874,46.49376332,46.42789734,46.34225343,46.23089277,46.08609327,45.89781406,45.65299928,45.33467267,44.92076047,44.38256068,43.68275283,42.77281001,41.5896339,40.0511793,38.05076489,40.0511793,41.5896339,42.77281001,43.68275283,44.38256068,44.92076047,45.33467267,45.65299928,45.89781406,46.08609327,46.23089277,46.34225343,46.42789734,46.49376332,46.54441874,46.5833762,46.61333713,46.63637912,46.65409998,46.66772852,46.6782098,46.68627061,46.69246993,46.69723762,46.7009043,46.70372422,46.70589294,46.70756083,46.70884355,46.70983005,46.71058873,0,1,0.5069515536220301,FP,0.006951553622030149
495,73.07319372,73.07313491,73.07306322,73.07297582,73.07286928,73.0727394,73.07258108,73.07238808,73.0721528,73.07186598,73.07151635,73.07109013,73.07057054,73.06993716,73.06916503,73.06822378,73.06707635,73.0656776,73.06397247,73.06189384,73.05935991,73.05627096,73.05250541,73.04791505,73.04231922,73.03549769,73.02718198,73.0170448,73.00468718,72.98962277,72.97125866,72.9488721,72.921582,72.88831431,72.84775971,72.79832205,72.73805563,72.66458851,72.57502923,72.46585297,72.33276285,72.17052081,71.97274143,71.73164067,71.43772943,71.07944017,70.64267159,70.11023366,69.46117107,68.66993847,67.70539507,66.52957906,65.0962135,63.348885,61.21882342,58.6221953,55.45680438,51.59806944,46.89412108,41.15982463,46.89412108,51.59806944,55.45680438,58.6221953,61.21882342,63.348885,65.0962135,66.52957906,67.70539507,68.66993847,69.46117107,70.11023366,70.64267159,71.07944017,71.43772943,71.73164067,71.97274143,72.17052081,72.33276285,72.46585297,72.57502923,72.66458851,72.73805563,72.79832205,72.84775971,72.88831431,72.921582,72.9488721,72.97125866,72.98962277,73.00468718,73.0170448,73.02718198,73.03549769,73.04231922,73.04791505,73.05250541,73.05627096,73.05935991,73.06189384,0,1,0.5063124419694278,FP,0.006312441969427818
544,19.44938303,19.44937603,19.44936774,19.44935791,19.44934625,19.44933243,19.44931603,19.4492966,19.44927356,19.44924623,19.44921384,19.44917542,19.44912988,19.44907587,19.44901184,19.44893592,19.44884589,19.44873915,19.44861259,19.44846253,19.4482846,19.44807363,19.44782348,19.44752688,19.44717521,19.44675822,19.4462638,19.44567757,19.44498248,19.44415831,19.44318109,19.4420224,19.44064855,19.43901957,19.4370881,19.43479795,19.43208252,19.42886285,19.42504528,19.42051879,19.41515174,19.40878804,19.4012426,19.39229599,19.38168799,19.36911011,19.35419653,19.33651351,19.31554677,19.29068654,19.26120979,19.22625924,19.18481842,19.13568208,19.07742118,19.0083413,18.92643336,18.82931522,18.71416235,18.57762572,18.41573439,18.22378004,17.99617998,17.72631485,17.40633608,17.72631485,17.99617998,18.22378004,18.41573439,18.57762572,18.71416235,18.82931522,18.92643336,19.0083413,19.07742118,19.13568208,19.18481842,19.22625924,19.26120979,19.29068654,19.31554677,19.33651351,19.35419653,19.36911011,19.38168799,19.39229599,19.4012426,19.40878804,19.41515174,19.42051879,19.42504528,19.42886285,19.43208252,19.43479795,19.4370881,19.43901957,19.44064855,19.4420224,19.44318109,19.44415831,0,1,0.5070856590972269,FP,0.007085659097226915
109,44.02035353,44.0203532,44.02035279,44.02035231,44.02035172,44.02035102,44.02035016,44.02034912,44.02034786,44.02034634,44.0203445,44.02034228,44.02033959,44.02033633,44.02033238,44.02032761,44.02032184,44.02031485,44.02030639,44.02029616,44.02028378,44.0202688,44.02025067,44.02022874,44.02020219,44.02017007,44.02013121,44.02008418,44.02002726,44.0199584,44.01987507,44.01977423,44.01965222,44.01950457,44.0193259,44.01910971,44.0188481,44.01853154,44.01814849,44.01768496,44.01712407,44.01644536,44.01562408,44.01463028,44.01342772,44.01197255,44.0102117,44.00808097,44.00550266,44.00238275,43.99860747,43.99403915,43.98851121,43.98182206,43.97372779,43.96393323,43.95208121,43.93773956,43.92038529,43.89938557,43.87397464,43.84322588,43.80601801,43.76099424,43.70651274,43.64058683,43.56081249,43.46428069,43.34747138,43.20612503,43.03508738,42.82812146,42.57768016,42.27463102,41.90792319,41.4641845,40.9272338,40.27749092,39.49126267,38.53987884,39.49126267,40.27749092,40.9272338,41.4641845,41.90792319,42.27463102,42.57768016,42.82812146,43.03508738,43.20612503,43.34747138,43.46428069,43.56081249,43.64058683,43.70651274,43.76099424,43.80601801,43.84322588,43.87397464,43.89938557,0,1,0.5070037718815772,FP,0.007003771881577192
101,4.675885662,4.675885635,4.675885602,4.675885562,4.675885514,4.675885456,4.675885385,4.6758853,4.675885197,4.675885073,4.675884923,4.675884741,4.675884522,4.675884256,4.675883936,4.675883549,4.675883081,4.675882515,4.675881832,4.675881006,4.675880008,4.675878802,4.675877345,4.675875583,4.675873455,4.675870883,4.675867775,4.675864018,4.675859479,4.675853994,4.675847364,4.675839354,4.675829673,4.675817974,4.675803836,4.675786751,4.675766104,4.675741154,4.675711002,4.675674565,4.675630533,4.675577321,4.675513016,4.675435307,4.675341398,4.675227913,4.675090771,4.67492504,4.674724761,4.674482731,4.674190248,4.673836794,4.673409658,4.672893481,4.672269702,4.671515889,4.670604936,4.669504086,4.668173751,4.666566094,4.664623303,4.662275518,4.659438311,4.656009659,4.651866268,4.646859143,4.64080823,4.633495939,4.624659324,4.613980623,4.601075833,4.585480903,4.566635044,4.543860565,4.516338505,4.483079179,4.442886594,4.394315438,4.335619109,4.264686907,4.178968135,4.075380375,3.950198646,3.798921458,3.616108935,3.3951872,3.128211986,2.805582954,2.415698476,2.805582954,3.128211986,3.3951872,3.616108935,3.798921458,3.950198646,4.075380375,4.178968135,4.264686907,4.335619109,4.394315438,0,1,0.5071992279425268,FP,0.007199227942526809
320,8.400820945,8.400770325,8.400709037,8.400634833,8.400544989,8.400436212,8.400304509,8.40014505,8.399951985,8.399718231,8.399435213,8.399092549,8.398677668,8.398175351,8.39756717,8.396830814,8.395939271,8.394859835,8.393552906,8.391970541,8.390054692,8.387735076,8.384926599,8.381526233,8.377409237,8.372424581,8.366389405,8.359082311,8.350235242,8.339523645,8.326554571,8.310852254,8.291840662,8.268822362,8.240952936,8.207210008,8.166355731,8.116891382,8.057002383,7.984491731,7.896699401,7.790404769,7.66170846,7.505889302,7.317231133,7.088813107,6.812255803,6.477413828,6.812255803,7.088813107,7.317231133,7.505889302,7.66170846,7.790404769,7.896699401,7.984491731,8.057002383,8.116891382,8.166355731,8.207210008,8.240952936,8.268822362,8.291840662,8.310852254,8.326554571,8.339523645,8.350235242,8.359082311,8.366389405,8.372424581,8.377409237,8.381526233,8.384926599,8.387735076,8.390054692,8.391970541,8.393552906,8.394859835,8.395939271,8.396830814,8.39756717,8.398175351,8.398677668,8.399092549,8.399435213,8.399718231,8.399951985,8.40014505,8.400304509,8.400436212,8.400544989,8.400634833,8.400709037,8.400770325,8.400820945,8.400862754,8.400897285,8.400925805,8.400949361,8.400968817,0,1,0.5071199357461925,FP,0.007119935746192518
164,11.38602684,11.38602049,11.38601238,11.38600199,11.38598872,11.38597174,11.38595002,11.38592224,11.38588672,11.38584129,11.38578318,11.38570887,11.38561382,11.38549227,11.38533681,11.38513798,11.38488369,11.38455848,11.38414254,11.38361059,11.38293025,11.38206014,11.38094731,11.37952407,11.37770384,11.37537586,11.37239852,11.36859068,11.36372067,11.35749221,11.34952638,11.33933856,11.32630893,11.3096448,11.28833236,11.261075,11.22621445,11.18162985,11.12460878,11.05168218,10.95841336,10.83912803,10.68656911,10.49145523,10.24191607,9.922770177,9.514601366,8.992577488,8.32493968,7.471070229,6.37902147,7.471070229,8.32493968,8.992577488,9.514601366,9.922770177,10.24191607,10.49145523,10.68656911,10.83912803,10.95841336,11.05168218,11.12460878,11.18162985,11.22621445,11.261075,11.28833236,11.3096448,11.32630893,11.33933856,11.34952638,11.35749221,11.36372067,11.36859068,11.37239852,11.37537586,11.37770384,11.37952407,11.38094731,11.38206014,11.38293025,11.38361059,11.38414254,11.38455848,11.38488369,11.38513798,11.38533681,11.38549227,11.38561382,11.38570887,11.38578318,11.38584129,11.38588672,11.38592224,11.38595002,11.38597174,11.38598872,11.38600199,11.38601238,11.38602049,0,1,0.5070750952423382,FP,0.007075095242338181
302,24.83361277,24.83361277,24.83361277,24.83361277,24.83361277,24.83361277,24.83361276,24.83361276,24.83361276,24.83361275,24.83361275,24.83361274,24.83361273,24.83361272,24.8336127,24.83361268,24.83361265,24.83361262,24.83361257,24.83361251,24.83361244,24.83361234,24.83361222,24.83361206,24.83361186,24.83361159,24.83361125,24.83361082,24.83361025,24.83360953,24.83360859,24.83360739,24.83360584,24.83360384,24.83360127,24.83359795,24.83359368,24.83358819,24.8335811,24.83357198,24.83356023,24.83354509,24.83352559,24.83350048,24.83346813,24.83342647,24.8333728,24.83330366,24.83321462,24.83309992,24.83295218,24.83276189,24.83251677,24.83220104,24.83179436,24.83127052,24.83059578,24.82972667,24.82860718,24.82716521,24.82530784,24.82291542,24.8198338,24.81586446,24.81075165,24.80416598,24.79568316,24.78475667,24.77068255,24.75255407,24.72920326,24.69912572,24.66038365,24.61048105,24.54620287,24.46340789,24.35676192,24.21939415,24.04245446,23.81454326,23.52097703,23.14284235,22.65577736,22.02840217,21.22029725,20.17939926,18.83864686,17.11166014,14.88717548,17.11166014,18.83864686,20.17939926,21.22029725,22.02840217,22.65577736,23.14284235,23.52097703,23.81454326,24.04245446,24.21939415,0,1,0.5072294107787201,FP,0.00722941077872008
399,2321.629493,2321.608681,2321.582713,2321.550311,2321.509884,2321.459441,2321.396503,2321.317974,2321.219991,2321.097735,2320.945193,2320.754864,2320.517385,2320.221077,2319.851366,2319.39007,2318.814499,2318.096346,2317.200289,2316.082258,2314.687264,2312.946698,2310.774951,2308.065212,2304.684206,2300.465645,2295.202046,2288.634529,2280.440083,2270.215679,2257.458448,2241.540948,2221.680307,2196.899715,2165.980384,2127.401602,2079.265943,2019.205942,1944.267657,2019.205942,2079.265943,2127.401602,2165.980384,2196.899715,2221.680307,2241.540948,2257.458448,2270.215679,2280.440083,2288.634529,2295.202046,2300.465645,2304.684206,2308.065212,2310.774951,2312.946698,2314.687264,2316.082258,2317.200289,2318.096346,2318.814499,2319.39007,2319.851366,2320.221077,2320.517385,2320.754864,2320.945193,2321.097735,2321.219991,2321.317974,2321.396503,2321.459441,2321.509884,2321.550311,2321.582713,2321.608681,2321.629493,2321.646173,2321.659542,2321.670256,2321.678844,2321.685726,2321.691242,2321.695662,2321.699205,2321.702045,2321.704321,2321.706145,2321.707607,2321.708778,2321.709717,2321.71047,2321.711073,2321.711556,2321.711944,2321.712254,2321.712503,2321.712703,2321.712862,2321.712991,0,1,0.5028168878060113,FP,0.0028168878060113034
442,121.4586307,121.4394179,121.4161033,121.3878113,121.3534793,121.3118178,121.2612619,121.199913,121.1254666,121.0351268,120.9255004,120.7924698,120.6310387,120.4351438,120.1974273,119.9089609,119.55891,119.134127,118.6186572,117.9931401,117.2340817,116.3129724,115.1952161,113.8388306,112.1928711,110.1955167,107.7717484,104.8305311,101.2613952,96.9302865,101.2613952,104.8305311,107.7717484,110.1955167,112.1928711,113.8388306,115.1952161,116.3129724,117.2340817,117.9931401,118.6186572,119.134127,119.55891,119.9089609,120.1974273,120.4351438,120.6310387,120.7924698,120.9255004,121.0351268,121.1254666,121.199913,121.2612619,121.3118178,121.3534793,121.3878113,121.4161033,121.4394179,121.4586307,121.4744634,121.4875107,121.4982625,121.5071228,121.5144243,121.5204412,121.5253996,121.5294857,121.5328529,121.5356276,121.5379143,121.5397986,121.5413514,121.5426311,121.5436856,121.5445546,121.5452707,121.5458608,121.5463471,121.5467479,121.5470781,121.5473503,121.5475745,121.5477593,121.5479116,121.5480371,121.5481406,121.5482258,121.548296,121.5483539,121.5484016,121.5484409,121.5484733,121.5485,121.548522,121.5485401,121.548555,121.5485674,121.5485775,121.5485859,121.5485927,0,1,0.5064178246680082,FP,0.006417824668008221
429,377.326465,377.221238,377.0966883,376.9492679,376.774777,376.5682447,376.3237873,376.0344408,375.6919621,375.2865948,374.8067908,374.2388814,373.566688,372.7710611,371.829335,370.7146817,369.395347,367.8337456,365.9853908,363.7976264,361.2081276,358.1431245,354.5153015,350.2213091,345.13882,339.1230442,332.0026042,323.5746531,313.5990952,301.7917468,313.5990952,323.5746531,332.0026042,339.1230442,345.13882,350.2213091,354.5153015,358.1431245,361.2081276,363.7976264,365.9853908,367.8337456,369.395347,370.7146817,371.829335,372.7710611,373.566688,374.2388814,374.8067908,375.2865948,375.6919621,376.0344408,376.3237873,376.5682447,376.774777,376.9492679,377.0966883,377.221238,377.326465,377.4153671,377.4904769,377.5539342,377.6075468,377.6528419,377.6911099,377.7234411,377.7507563,377.7738339,377.7933313,377.8098038,377.8237208,377.8354787,377.8454125,377.8538051,377.8608958,377.8668863,377.8719475,377.8762236,377.8798362,377.8828883,377.885467,377.8876456,377.8894862,377.8910413,377.8923551,377.8934651,377.8944029,377.8951952,377.8958645,377.8964301,377.8969079,377.8973115,377.8976526,377.8979407,377.8981841,377.8983898,377.8985636,377.8987104,377.8988344,377.8989392,0,1,0.5045732227124956,FP,0.004573222712495606
419,15.02055559,15.02055428,15.0205526,15.02055044,15.02054767,15.02054411,15.02053955,15.02053371,15.02052621,15.02051658,15.02050424,15.02048841,15.0204681,15.02044205,15.02040864,15.02036577,15.02031079,15.02024026,15.02014979,15.02003373,15.01988487,15.01969391,15.01944896,15.01913475,15.01873169,15.01821468,15.01755148,15.01670076,15.0156095,15.01420969,15.01241409,15.01011078,15.00715622,15.00336626,14.9985047,14.99226855,14.98426914,14.97400791,14.96084534,14.94396108,14.92230284,14.89452077,14.85888338,14.81316959,14.75453034,14.67931095,14.58282345,14.45905432,14.30028973,14.09663479,13.83539686,13.50029446,13.07044258,12.519051,11.81175464,10.90447175,9.740656581,8.247775169,9.740656581,10.90447175,11.81175464,12.519051,13.07044258,13.50029446,13.83539686,14.09663479,14.30028973,14.45905432,14.58282345,14.67931095,14.75453034,14.81316959,14.85888338,14.89452077,14.92230284,14.94396108,14.96084534,14.97400791,14.98426914,14.99226855,14.9985047,15.00336626,15.00715622,15.01011078,15.01241409,15.01420969,15.0156095,15.01670076,15.01755148,15.01821468,15.01873169,15.01913475,15.01944896,15.01969391,15.01988487,15.02003373,15.02014979,15.02024026,15.02031079,15.02036577,0,1,0.5070386653437776,FP,0.007038665343777617
4,1.810359264,1.810359264,1.810359264,1.810359264,1.810359264,1.810359264,1.810359263,1.810359263,1.810359263,1.810359263,1.810359262,1.810359261,1.810359261,1.81035926,1.810359258,1.810359257,1.810359254,1.810359251,1.810359248,1.810359243,1.810359237,1.810359229,1.810359219,1.810359206,1.810359189,1.810359167,1.810359138,1.810359102,1.810359055,1.810358994,1.810358915,1.810358814,1.810358683,1.810358515,1.810358297,1.810358016,1.810357654,1.810357186,1.810356583,1.810355805,1.8103548,1.810353504,1.810351832,1.810349675,1.81034689,1.810343298,1.810338662,1.810332681,1.810324963,1.810315004,1.810302154,1.810285573,1.810264177,1.810236571,1.810200949,1.810154984,1.810095675,1.810019146,1.809920398,1.809792981,1.80962857,1.809416425,1.809142687,1.808789474,1.808333712,1.807745626,1.806986799,1.80600766,1.804744244,1.803114015,1.801010477,1.798296211,1.794793903,1.790274758,1.784443554,1.776919356,1.767210631,1.754683139,1.738518496,1.717660717,1.690747226,1.656019848,1.611209949,1.656019848,1.690747226,1.717660717,1.738518496,1.754683139,1.767210631,1.776919356,1.784443554,1.790274758,1.794793903,1.798296211,1.801010477,1.803114015,1.804744244,1.80600766,1.806986799,1.807745626,0,1,0.5071633875528047,FP,0.0071633875528046564
376,35.38989273,35.36701671,35.3396847,35.30702873,35.26801176,35.22139474,35.16569726,35.09915056,35.01964133,34.92464462,34.81114365,34.675534,34.51350917,34.31992377,34.08863018,33.81228328,33.4821072,33.08761663,32.61628388,32.05314095,31.38030431,30.57640687,29.61591952,30.57640687,31.38030431,32.05314095,32.61628388,33.08761663,33.4821072,33.81228328,34.08863018,34.31992377,34.51350917,34.675534,34.81114365,34.92464462,35.01964133,35.09915056,35.16569726,35.22139474,35.26801176,35.30702873,35.3396847,35.36701671,35.38989273,35.40903923,35.42506425,35.43847668,35.44970246,35.45909808,35.46696192,35.4735437,35.47905244,35.48366308,35.48752204,35.49075187,35.49345514,35.49571768,35.49761136,35.49919631,35.50052286,35.50163315,35.50256242,35.50334019,35.50399116,35.504536,35.50499201,35.50537368,35.50569312,35.50596049,35.50618427,35.50637156,35.50652832,35.50665952,35.50676933,35.50686124,35.50693817,35.50700255,35.50705644,35.50710154,35.50713929,35.50717088,35.50719733,35.50721946,35.50723799,35.50725349,35.50726647,35.50727733,35.50728642,35.50729403,35.50730039,35.50730572,35.50731018,35.50731392,35.50731704,35.50731966,35.50732185,35.50732368,35.50732521,35.5073265,0,1,0.5068823767634469,FP,0.00688237676344694
249,772.4111461,772.4111031,772.4110483,772.4109786,772.4108899,772.410777,772.4106333,772.4104503,772.4102174,772.409921,772.4095437,772.4090634,772.408452,772.4076739,772.4066834,772.4054226,772.4038178,772.4017751,772.399175,772.3958655,772.3916528,772.3862906,772.3794652,772.3707774,772.3597189,772.3456428,772.3277258,772.3049198,772.2758906,772.2389402,772.191907,772.1320398,772.0558366,771.9588397,771.835375,771.6782203,771.4781826,771.2235602,770.8994585,770.4869187,769.9618084,769.2934103,768.4426253,767.3596852,765.9812412,764.2266589,761.9933006,759.150522,755.5320295,750.9261526,745.0634621,737.601009,728.1022634,716.0115786,700.6216877,681.0323304,656.0975912,624.3588664,583.9595407,532.5363807,583.9595407,624.3588664,656.0975912,681.0323304,700.6216877,716.0115786,728.1022634,737.601009,745.0634621,750.9261526,755.5320295,759.150522,761.9933006,764.2266589,765.9812412,767.3596852,768.4426253,769.2934103,769.9618084,770.4869187,770.8994585,771.2235602,771.4781826,771.6782203,771.835375,771.9588397,772.0558366,772.1320398,772.191907,772.2389402,772.2758906,772.3049198,772.3277258,772.3456428,772.3597189,772.3707774,772.3794652,772.3862906,772.3916528,772.3958655,0,1,0.5016767168266945,FP,0.0016767168266944577
183,324.3486001,324.3481748,324.3476528,324.347012,324.3462255,324.34526,324.3440751,324.3426205,324.3408352,324.3386438,324.335954,324.3326523,324.3285998,324.3236255,324.3175198,324.3100253,324.3008263,324.289535,324.2756756,324.2586639,324.2377829,324.2121525,324.1806927,324.1420774,324.0946793,324.0365005,323.9650893,323.8774357,323.7698457,323.6377847,323.4756869,323.2767205,323.0324998,322.732732,322.3647831,321.9131454,321.3587843,320.6783356,319.8431213,318.8179403,317.5595854,316.015022,314.119153,311.7920751,308.9357113,305.4296773,301.126208,295.8439294,289.3602147,281.4018013,271.6332741,259.642929,244.925421,226.8604665,244.925421,259.642929,271.6332741,281.4018013,289.3602147,295.8439294,301.126208,305.4296773,308.9357113,311.7920751,314.119153,316.015022,317.5595854,318.8179403,319.8431213,320.6783356,321.3587843,321.9131454,322.3647831,322.732732,323.0324998,323.2767205,323.4756869,323.6377847,323.7698457,323.8774357,323.9650893,324.0365005,324.0946793,324.1420774,324.1806927,324.2121525,324.2377829,324.2586639,324.2756756,324.289535,324.3008263,324.3100253,324.3175198,324.3236255,324.3285998,324.3326523,324.335954,324.3386438,324.3408352,324.3426205,0,1,0.5048427295682587,FP,0.004842729568258708
529,19.12758298,19.12758275,19.12758245,19.12758206,19.12758156,19.1275809,19.12758005,19.12757894,19.12757751,19.12757564,19.12757322,19.12757008,19.12756601,19.12756072,19.12755385,19.12754493,19.12753336,19.12751834,19.12749884,19.12747354,19.12744068,19.12739804,19.1273427,19.12727085,19.12717759,19.12705654,19.12689942,19.12669546,19.12643072,19.12608708,19.12564102,19.12506202,19.12431047,19.12333492,19.12206864,19.12042496,19.11829141,19.11552201,19.11192723,19.10726109,19.1012043,19.0933424,19.08313741,19.06989101,19.05269678,19.03037812,19.00140781,18.96380344,18.9149918,18.85163277,18.76939077,18.66263809,18.52406978,18.3442038,18.11073214,17.80767866,17.41430578,16.90369553,16.2409075,15.38058797,16.2409075,16.90369553,17.41430578,17.80767866,18.11073214,18.3442038,18.52406978,18.66263809,18.76939077,18.85163277,18.9149918,18.96380344,19.00140781,19.03037812,19.05269678,19.06989101,19.08313741,19.0933424,19.1012043,19.10726109,19.11192723,19.11552201,19.11829141,19.12042496,19.12206864,19.12333492,19.12431047,19.12506202,19.12564102,19.12608708,19.12643072,19.12669546,19.12689942,19.12705654,19.12717759,19.12727085,19.1273427,19.12739804,19.12744068,19.12747354,0,1,0.5070838919324191,FP,0.007083891932419095
96,3.165187643,3.165140122,3.165082662,3.165013184,3.164929176,3.164827598,3.164704775,3.164556265,3.164376694,3.164159566,3.163897028,3.16357958,3.16319574,3.162731621,3.162170434,3.161491878,3.160671404,3.159679332,3.158479772,3.15702933,3.155275534,3.15315494,3.150590833,3.147490454,3.143741645,3.139208789,3.133727907,3.127100723,3.119087493,3.109398331,3.097682724,3.083516851,3.066388248,3.045677274,3.020634693,2.990354568,2.95374149,2.909470949,2.855941423,2.791216435,2.712954505,2.618324441,2.503902922,2.365550653,2.503902922,2.618324441,2.712954505,2.791216435,2.855941423,2.909470949,2.95374149,2.990354568,3.020634693,3.045677274,3.066388248,3.083516851,3.097682724,3.109398331,3.119087493,3.127100723,3.133727907,3.139208789,3.143741645,3.147490454,3.150590833,3.15315494,3.155275534,3.15702933,3.158479772,3.159679332,3.160671404,3.161491878,3.162170434,3.162731621,3.16319574,3.16357958,3.163897028,3.164159566,3.164376694,3.164556265,3.164704775,3.164827598,3.164929176,3.165013184,3.165082662,3.165140122,3.165187643,3.165226944,3.165259447,3.165286329,3.16530856,3.165326947,3.165342153,3.165354728,3.165365129,3.165373731,3.165380844,3.165386728,3.165391593,3.165395617,0,1,0.5071488086134855,FP,0.007148808613485547
478,41.76803627,41.76791833,41.76777338,41.76759521,41.76737623,41.76710708,41.76677628,41.76636969,41.76586996,41.76525575,41.76450084,41.76357298,41.76243257,41.7610309,41.75930813,41.75719071,41.75458821,41.75138952,41.74745806,41.74262596,41.73668689,41.72938728,41.72041544,41.70938828,41.69583496,41.67917678,41.65870246,41.63353778,41.60260825,41.56459323,41.51786954,41.46044215,41.38985901,41.30310633,41.19647991,41.06542697,40.90435177,40.70637665,40.4630484,40.1639773,39.7963935,39.34460175,38.78931128,38.10681209,37.26796257,36.23694519,34.96973719,33.41223082,31.49792309,29.14507616,31.49792309,33.41223082,34.96973719,36.23694519,37.26796257,38.10681209,38.78931128,39.34460175,39.7963935,40.1639773,40.4630484,40.70637665,40.90435177,41.06542697,41.19647991,41.30310633,41.38985901,41.46044215,41.51786954,41.56459323,41.60260825,41.63353778,41.65870246,41.67917678,41.69583496,41.70938828,41.72041544,41.72938728,41.73668689,41.74262596,41.74745806,41.75138952,41.75458821,41.75719071,41.75930813,41.7610309,41.76243257,41.76357298,41.76450084,41.76525575,41.76586996,41.76636969,41.76677628,41.76710708,41.76737623,41.76759521,41.76777338,41.76791833,41.76803627,41.76813223,0,1,0.5068866185035279,FP,0.006886618503527897
321,10.36590386,10.36590386,10.36590386,10.36590386,10.36590386,10.36590386,10.36590385,10.36590385,10.36590385,10.36590384,10.36590384,10.36590383,10.36590382,10.3659038,10.36590379,10.36590376,10.36590373,10.3659037,10.36590365,10.36590359,10.36590351,10.3659034,10.36590327,10.3659031,10.36590289,10.36590261,10.36590226,10.3659018,10.36590121,10.36590046,10.3658995,10.36589826,10.36589667,10.36589462,10.365892,10.36588864,10.36588432,10.36587877,10.36587166,10.36586253,10.3658508,10.36583575,10.36581643,10.36579164,10.36575981,10.36571896,10.36566652,10.36559921,10.36551281,10.3654019,10.36525955,10.36507682,10.36484227,10.3645412,10.36415474,10.36365869,10.36302196,10.36220466,10.36115556,10.35980895,10.35808043,10.35586171,10.35301375,10.34935812,10.34466575,10.33864263,10.33091135,10.32098748,10.3082492,10.29189835,10.27091041,10.24397029,10.20938997,10.16500267,10.10802714,10.03489337,9.941018883,9.820521617,9.665851358,9.467316656,9.212477566,8.885366179,8.465486092,7.926528124,7.234721823,6.346719442,7.234721823,7.926528124,8.465486092,8.885366179,9.212477566,9.467316656,9.665851358,9.820521617,9.941018883,10.03489337,10.10802714,10.16500267,10.20938997,10.24397029,0,1,0.5071194733226579,FP,0.007119473322657943
214,12.07458852,12.0745879,12.07458713,12.07458619,12.07458503,12.07458361,12.07458185,12.07457969,12.07457703,12.07457375,12.07456971,12.07456474,12.07455862,12.07455108,12.07454179,12.07453036,12.07451629,12.07449896,12.07447762,12.07445134,12.07441898,12.07437914,12.07433007,12.07426966,12.07419526,12.07410366,12.07399086,12.07385197,12.07368094,12.07347034,12.07321101,12.07289169,12.07249849,12.07201432,12.07141813,12.070684,12.06978002,12.0686669,12.06729625,12.06560847,12.06353022,12.06097113,12.05781997,12.05393976,12.04916181,12.04327842,12.03603385,12.02711317,12.01612858,12.00260258,11.98594718,11.96543837,11.94018461,11.90908809,11.87079705,11.82364692,11.76558808,11.69409665,11.60606486,11.4976659,11.36418759,11.19982754,10.9974409,10.74822978,10.4413608,10.06349415,9.598203703,9.025262957,9.598203703,10.06349415,10.4413608,10.74822978,10.9974409,11.19982754,11.36418759,11.4976659,11.60606486,11.69409665,11.76558808,11.82364692,11.87079705,11.90908809,11.94018461,11.96543837,11.98594718,12.00260258,12.01612858,12.02711317,12.03603385,12.04327842,12.04916181,12.05393976,12.05781997,12.06097113,12.06353022,12.06560847,12.06729625,12.0686669,12.06978002,12.070684,0,1,0.507077454473512,FP,0.007077454473512046
523,2.668046904,2.664666957,2.660571107,2.655607719,2.649593041,2.6423044,2.63347196,2.622768729,2.609798458,2.594080967,2.57503437,2.551953533,2.523983967,2.490090195,2.449017419,2.399245059,2.338930467,2.265840701,2.177269867,2.069938934,2.177269867,2.265840701,2.338930467,2.399245059,2.449017419,2.490090195,2.523983967,2.551953533,2.57503437,2.594080967,2.609798458,2.622768729,2.63347196,2.6423044,2.649593041,2.655607719,2.660571107,2.664666957,2.668046904,2.670836079,2.67313774,2.675037101,2.676604477,2.677897895,2.67896524,2.679846027,2.680572863,2.681172658,2.681667615,2.682076061,2.682413115,2.682691257,2.682920782,2.68311019,2.683266491,2.683395473,2.683501911,2.683589745,2.683662226,2.683722039,2.683771397,2.683812127,2.683845739,2.683873476,2.683896365,2.683915253,2.683930839,2.683943702,2.683954316,2.683963075,2.683970303,2.683976267,2.683981189,2.683985251,2.683988603,2.683991369,2.683993651,2.683995535,2.683997089,2.683998372,2.68399943,2.684000304,2.684001025,2.684001619,2.68400211,2.684002515,2.68400285,2.684003125,2.684003353,2.684003541,2.684003696,2.684003824,2.684003929,2.684004016,2.684004088,2.684004148,2.684004197,2.684004237,2.68400427,2.684004298,0,1,0.5071399917843669,FP,0.0071399917843668614
340,3.049065905,3.049065718,3.049065491,3.049065214,3.049064877,3.049064466,3.049063966,3.049063357,3.049062615,3.049061711,3.049060611,3.04905927,3.049057637,3.049055649,3.049053227,3.049050277,3.049046684,3.049042308,3.049036978,3.049030487,3.049022581,3.049012952,3.049001224,3.04898694,3.048969543,3.048948355,3.048922548,3.048891116,3.048852835,3.048806209,3.048749422,3.048680258,3.04859602,3.048493422,3.048368462,3.048216268,3.048030903,3.047805138,3.047530167,3.047195267,3.046787375,3.046290583,3.045685515,3.044948573,3.044051014,3.042957833,3.041626393,3.040004765,3.038029705,3.03562418,3.032694371,3.029126011,3.024779927,3.019486615,3.013039626,3.005187518,2.995624043,2.98397621,2.969789733,2.952511316,2.931467071,2.905836235,2.874619162,2.836598333,2.790290869,2.733890701,2.665198123,2.581534009,2.479635312,2.355527809,2.204371093,2.020269793,1.79604364,2.020269793,2.204371093,2.355527809,2.479635312,2.581534009,2.665198123,2.733890701,2.790290869,2.836598333,2.874619162,2.905836235,2.931467071,2.952511316,2.969789733,2.98397621,2.995624043,3.005187518,3.013039626,3.019486615,3.024779927,3.029126011,3.032694371,3.03562418,3.038029705,3.040004765,3.041626393,3.042957833,0,1,0.5071346801849171,FP,0.0071346801849171415
573,140.7661169,138.7031591,136.0774294,132.7354047,128.4816807,123.0675471,116.1764461,107.4054632,96.2417693,82.03263656,96.2417693,107.4054632,116.1764461,123.0675471,128.4816807,132.7354047,136.0774294,138.7031591,140.7661169,142.3869217,143.6603399,144.6608268,145.4468796,146.064458,146.549671,146.9308885,147.2303997,147.4657168,147.6505985,147.7958545,147.9099779,147.9996412,148.070087,148.1254342,148.1689189,148.2030835,148.2299256,148.2510146,148.2675837,148.2806015,148.2908292,148.2988648,148.3051781,148.3101383,148.3140354,148.3170972,148.3195028,148.3213928,148.3228777,148.3240443,148.324961,148.3256811,148.3262469,148.3266914,148.3270407,148.3273151,148.3275307,148.3277001,148.3278331,148.3279377,148.3280198,148.3280844,148.3281351,148.3281749,148.3282062,148.3282308,148.3282501,148.3282653,148.3282772,148.3282866,148.328294,148.3282998,148.3283043,148.3283079,148.3283107,148.3283129,148.3283146,148.328316,148.328317,148.3283179,148.3283185,148.3283191,148.3283195,148.3283198,148.32832,148.3283202,148.3283204,148.3283205,148.3283206,148.3283207,148.3283207,148.3283208,148.3283208,148.3283208,148.3283209,148.3283209,148.3283209,148.3283209,148.3283209,148.3283209,0,1,0.507762082222426,FP,0.0077620822224260255
45,142.9482659,142.9482657,142.9482654,142.9482651,142.9482647,142.9482642,142.9482636,142.9482628,142.9482619,142.9482608,142.9482594,142.9482578,142.9482557,142.9482533,142.9482502,142.9482465,142.948242,142.9482365,142.9482297,142.9482215,142.9482114,142.9481991,142.9481841,142.9481657,142.9481433,142.9481159,142.9480825,142.9480416,142.9479917,142.9479307,142.9478563,142.9477653,142.9476542,142.9475185,142.9473527,142.9471502,142.9469029,142.9466008,142.9462318,142.945781,142.9452304,142.9445579,142.9437364,142.942733,142.9415073,142.9400102,142.9381815,142.9359477,142.9332193,142.9298865,142.9258156,142.920843,142.9147691,142.90735,142.8982877,142.8872182,142.8736971,142.8571813,142.8370076,142.8123658,142.7822662,142.7455002,142.7005913,142.6457358,142.5787309,142.4968858,142.3969134,142.2747991,142.1256388,141.9434423,141.7208928,141.4490528,141.1170055,140.7114159,140.215996,139.6108501,138.8716758,137.9687885,136.8659288,135.5188068,133.8733229,131.8633956,129.4083077,126.4094646,122.7464348,118.2721138,122.7464348,126.4094646,129.4083077,131.8633956,133.8733229,135.5188068,136.8659288,137.9687885,138.8716758,139.6108501,140.215996,140.7114159,141.1170055,141.4490528,0,1,0.5068855825366865,FP,0.006885582536686474
174,347.3299098,347.329888,347.3298599,347.3298238,347.3297773,347.3297174,347.3296403,347.329541,347.3294132,347.3292487,347.3290369,347.3287643,347.3284133,347.3279615,347.3273799,347.3266311,347.3256671,347.3244262,347.3228287,347.3207721,347.3181245,347.3147162,347.3103285,347.30468,347.2974083,347.2880472,347.2759961,347.260482,347.24051,347.214799,347.1816999,347.1390897,347.0842354,347.0136185,346.9227098,346.8056783,346.6550176,346.4610642,346.211378,345.8899439,345.4761451,344.9434405,344.2576622,343.3748241,342.2383009,340.7751955,338.8916641,336.4668962,333.3453666,329.3268596,324.1536268,317.4938557,308.9203867,297.8833149,308.9203867,317.4938557,324.1536268,329.3268596,333.3453666,336.4668962,338.8916641,340.7751955,342.2383009,343.3748241,344.2576622,344.9434405,345.4761451,345.8899439,346.211378,346.4610642,346.6550176,346.8056783,346.9227098,347.0136185,347.0842354,347.1390897,347.1816999,347.214799,347.24051,347.260482,347.2759961,347.2880472,347.2974083,347.30468,347.3103285,347.3147162,347.3181245,347.3207721,347.3228287,347.3244262,347.3256671,347.3266311,347.3273799,347.3279615,347.3284133,347.3287643,347.3290369,347.3292487,347.3294132,347.329541,0,1,0.5060710256215665,FP,0.006071025621566473
333,1.942666044,1.942632553,1.942589348,1.942533615,1.942461718,1.942368972,1.94224933,1.942094991,1.941895895,1.941639061,1.941307746,1.940880349,1.940329008,1.93961778,1.938700296,1.937516743,1.935989961,1.934020416,1.931479705,1.928202191,1.923974204,1.918520107,1.911484331,1.902408189,1.890699981,1.87559641,1.856112827,1.830979034,1.79855648,1.756731435,1.702777191,1.633176298,1.543391252,1.427568681,1.278157741,1.427568681,1.543391252,1.633176298,1.702777191,1.756731435,1.79855648,1.830979034,1.856112827,1.87559641,1.890699981,1.902408189,1.911484331,1.918520107,1.923974204,1.928202191,1.931479705,1.934020416,1.935989961,1.937516743,1.938700296,1.93961778,1.940329008,1.940880349,1.941307746,1.941639061,1.941895895,1.942094991,1.94224933,1.942368972,1.942461718,1.942533615,1.942589348,1.942632553,1.942666044,1.942692007,1.942712133,1.942727735,1.942739829,1.942749205,1.942756473,1.942762107,1.942766474,1.94276986,1.942772484,1.942774519,1.942776096,1.942777318,1.942778266,1.942779001,1.94277957,1.942780012,1.942780354,1.942780619,1.942780825,1.942780984,1.942781108,1.942781204,1.942781278,1.942781336,1.94278138,1.942781415,1.942781442,1.942781462,1.942781479,1.942781491,0,1,0.5071618472361842,FP,0.007161847236184182
