feature,count,mean,std,min,25%,50%,75%,max
X1,606.0,8323.020877814093,18928.879258963498,0.914412973,17.8577154825,300.7767589,5110.866125,115445.843
X2,606.0,8320.480306844182,18922.277588390225,0.9144131,17.8572170275,300.84587045,5110.861864500001,115445.7732
X3,606.0,8317.421942216894,18914.376092848262,0.914413253,17.8507516075,300.84603715000003,5110.856711,115445.6909
X4,606.0,8313.742429332238,18904.98632044058,0.914413438,17.8426542875,300.84625115,5110.8504755,115445.5938
X5,606.0,8309.318469672759,18893.93332359301,0.914413659,17.832512995000002,300.84652585000003,5110.84293175,115445.4792
X6,606.0,8304.003193131848,18881.08868313278,0.914413926,17.8198115375,300.84687855000004,5110.83380625,115445.3441
X7,606.0,8297.621935431587,18866.42714142607,0.914414247,17.80390331,300.8473313,5110.8227665,115445.1846
X8,606.0,8289.967359302418,18850.121059131492,0.914414634,17.776259965,300.84791255000005,5110.8094115,115444.9965
X9,606.0,8280.793838858292,18832.694800848632,0.9144151,17.702905667499998,300.84865875,5110.7932547499995,115659.1805
X10,606.0,8269.811051375436,18815.2736271195,0.91441566,17.648749645000002,300.84961675,5110.77370925,116160.3684
X11,606.0,8256.416915131082,18800.039270605637,0.914416336,17.758018800000002,300.8508466,5110.7500645,116748.9095
X12,606.0,8284.604032581115,18871.25368927438,0.914417148,17.85270047,300.8524254,5110.721461249999,117440.0286
X13,606.0,8308.952780639207,18947.994587578636,0.914418127,17.85114122,300.85445235,5110.6868605,118251.6044
X14,606.0,8320.744567394157,19002.889273254095,0.914419305,17.849126845,300.85705465,5110.64500275,119204.6316
X15,606.0,8318.079244748697,19020.87417500564,0.914420723,17.755532510000002,300.86039545,5110.59436825,120323.7639
X16,606.0,8314.058677457228,19040.377422098827,0.91442243,17.8508528725,300.86468455,5149.0267665,121637.9523
X17,606.0,8315.896919542509,19072.468280580313,0.914424486,17.88930483,301.06942755,5068.52974225,123181.1935
X18,606.0,8321.672831223885,19117.212448472295,0.914426961,17.790879775,301.74094485,5043.5041775,124993.4095
X19,606.0,8328.374362843602,19158.87984998391,0.914429941,17.801525400000003,302.5754011,5038.607714,127121.4806
X20,606.0,8340.782744453181,19214.1500019961,0.914433528,17.8133404975,303.6123433,4902.23314425,129620.4579
X21,606.0,8338.135547009908,19207.111117416156,0.914437847,17.686892225,304.90091985000004,5032.9573315,132554.9874
X22,606.0,8332.173577084843,19213.025942857388,0.914443047,17.518819694999998,306.10130455,5032.580223,136000.9826
X23,606.0,8317.526937260416,19227.85799653553,0.914449308,17.768839205,306.06400855,5065.23540125,140047.5877
X24,606.0,8304.800691478644,19260.20823177689,0.914456845,17.7428536025,306.01959250000004,5109.26625175,144799.4845
X25,606.0,8338.954291456443,19363.525766042483,0.91446592,17.70930472,305.96681815,5108.92655875,150379.5999
X26,606.0,8372.602000942885,19491.626684308,0.914476845,17.300524435,305.90427215,5108.515655249999,156932.2857
X27,606.0,8401.77618031583,19649.323715535447,0.914489999,17.2817676075,305.83035689999997,5108.0186165,164627.0536
X28,606.0,8415.671255066933,19633.52519919874,0.914505835,17.25756359,301.23434395000004,5199.8754874999995,156932.2857
X29,606.0,8425.358852057043,19647.076788597657,0.914524901,17.226330259999997,305.6410925,5106.690132,150379.5999
X30,606.0,8404.269305554053,19491.349427496432,0.912886372,17.228514375,302.5882167,5156.685359,144799.4845
X31,606.0,8386.766234539326,19372.628103375864,0.906001982,17.9643743125,305.3827098,5065.3070105,140047.5877
X32,606.0,8383.194231889576,19287.61538971275,0.897578948,18.104844685,305.2219963,5032.101082499999,136000.9826
X33,606.0,8372.824646579671,19210.3270825823,0.887273389,18.1767591175,305.03731245,5032.14484425,132554.9874
X34,606.0,8363.727979975089,19149.77581984365,0.874664566,18.13608333,302.95645185,5032.19749275,129620.4579
X35,606.0,8355.406191599512,19102.767946171858,0.859237704,17.957450242500002,301.3280228,5032.26086025,127121.4806
X36,606.0,8345.06178763695,19061.812124775548,0.840362981,17.985977947499997,300.5221546,5032.52433525,124993.4095
X37,606.0,8332.358188196395,19009.586245160033,0.817269808,17.99250869,299.53737995,5038.85442275,123181.1935
X38,606.0,8319.24057826611,18964.77081850331,0.789015374,18.105628664999998,298.33422110000004,5043.79892375,121637.9523
X39,606.0,8314.71478267464,18934.341872116467,0.75444615,18.2332585475,296.8645615,5054.59380225,120323.7639
X40,606.0,8317.257524245682,18927.991698117617,0.712150798,18.30276102,295.06977670000003,5077.06294625,119204.6316
X41,606.0,8316.858442488014,18923.993842158587,0.75444615,18.383495455,294.9882559,5074.75134975,118251.6044
X42,606.0,8320.965994015585,18923.976894498915,0.789015374,18.3033267375,300.14940585,5071.953104499999,117440.0286
X43,606.0,8322.845217805063,18927.50949545926,0.817269808,18.23409788,299.88335044999997,5068.565845499999,116748.9095
X44,606.0,8327.993799667624,18938.827877417476,0.840362981,18.137444085,299.49157585,5064.465689000001,116160.3684
X45,606.0,8310.23443855635,18907.7461039074,0.859237704,17.9111724775,301.27402715,5059.502713,115659.1805
X46,606.0,8302.728404315749,18893.93170822596,0.874664566,17.7629648425,302.74410985,5059.51919,115232.3805
X47,606.0,8296.367844055849,18844.241359207612,0.874369032,17.6101397675,301.33040315000005,5060.2324625,114868.9275
X48,606.0,8286.186208963742,18799.351648360294,0.846712004,17.36469249,298.67147645,5060.866486,114559.4194
X49,606.0,8273.928499690306,18754.855775492484,0.813276812,17.707761904999998,298.42553725000005,5031.76726925,114361.8766
X50,606.0,8258.780302393126,18707.63469764295,0.772856268,18.099946815,298.31995975,4994.38307625,114166.9458
X51,606.0,8239.29235020114,18656.09726969584,0.723990978,17.95556017,297.97580489999996,4987.236882499999,113936.9729
X52,606.0,8253.980805305551,18697.77712893332,0.664916648,17.79193255,293.5012914,5041.09526625,113717.4955
X53,606.0,8259.056484721636,18725.80121201261,0.593500382,17.874804089999998,293.27972420000003,5063.8171115,113578.8866
X54,606.0,8268.63726221206,18753.56665981762,0.507163679,17.90803829,295.01056765,5064.52242175,113460.8505
X55,606.0,8290.585109663924,18820.00389668264,0.593500382,17.88427095,297.25505415,5072.155359,113360.3336
X56,606.0,8309.10608460296,18885.37329584238,0.664916648,17.746231297500003,298.004113,5033.8258802499995,113274.7358
X57,606.0,8307.312122716197,18890.06979481254,0.723990978,17.739829047500002,297.98122545,5000.8075337499995,113201.8427
X58,606.0,8309.811761143565,18898.909895553697,0.772856268,17.714819124999998,297.96282705,5004.76108625,113139.7686
X59,606.0,8310.51123406045,18908.102053845734,0.813276812,17.34908102,297.94803705000004,5009.56636575,113297.6245
X60,606.0,8307.671576966486,18903.88745788253,0.846712004,17.056972005,298.92008065,5002.9212655,114106.4295
X61,606.0,8301.921786981462,18900.470145459112,0.874369032,17.0440131475,301.24773595,4908.245761,115070.5808
X62,606.0,8306.219718222586,18904.452306293384,0.897246459,17.078513035,301.9994295,4981.0515777499995,116219.9156
X63,606.0,8309.690966257143,18910.732820987352,0.91617028,17.457528205,299.18997975,5078.4015175,117590.002
X64,606.0,8317.99352206307,18917.92918750024,0.931823746,17.740538925000003,303.3420216,5081.52827075,119223.2396
X65,606.0,8314.748031514651,18918.23258521557,0.94219471,17.618164035,303.88015865,5085.2028635,121170.1714
X66,606.0,8309.956176280337,18919.151948239723,0.942467744,17.741261620000003,304.02054345,4979.935602,123491.0484
X67,606.0,8322.595791431608,18948.830086102604,0.942690903,17.839354829999998,301.84061855000004,4995.8043955,126257.6939
X68,606.0,8330.874849097927,18986.249036212645,0.942873297,17.8808400125,301.82646585,5003.1032605,129555.7262
X69,606.0,8340.537134836064,19040.878216143625,0.940386479,17.88128975,301.81543320000003,5026.04961625,133487.2081
X70,606.0,8351.68515359811,19118.550831377597,0.889070067,17.881638455,301.80683265,5059.255978249999,138173.8059
X71,606.0,8326.319926617296,19062.036701395966,0.823508036,17.7257059525,301.8001281,5033.75161775,143760.5536
X72,606.0,8302.865824147064,19037.127576332085,0.889070067,17.587432997500002,301.79490154999996,5104.955233000001,150420.3424
X73,606.0,8291.392514182984,19051.702474482954,0.926598627,17.5852882175,301.70559635,5120.42623725,158359.27
X74,606.0,8280.701673584243,18953.283224461524,0.888063501,17.58347195,301.41518225,5113.93369625,150420.3424
X75,606.0,8269.431646069512,18876.615310050413,0.840875486,17.5819341475,301.1909598,4997.25874,143760.5536
X76,606.0,8258.969164724725,18813.40925825567,0.783091612,17.58063232,301.01784250000003,5113.934528,138173.8059
X77,606.0,8256.589405366773,18780.516527492673,0.712332628,17.5414297525,300.88418235,5154.513647,133487.2081
X78,606.0,8251.29923179422,18752.43573356276,0.783091612,17.16901789,300.78098620000003,5161.77523775,129555.7262
X79,606.0,8248.287749213898,18726.78518426193,0.840875486,17.136577595000002,300.7013107,5169.355056,126257.6939
X80,606.0,8249.209140231042,18730.06207086238,0.888063501,17.1911205525,300.63979489999997,5175.4489825,123491.0484
X81,606.0,8265.750862567173,18795.70400914869,0.926598627,17.53843351,300.5922999,5180.3532795,121170.1714
X82,606.0,8283.303433395846,18864.99892316645,0.943640939,17.5760982675,300.55562999999995,5155.677158,119223.2396
X83,606.0,8290.917721680293,18895.400484178645,0.925588146,17.575694040000002,300.52731795,5118.26115775,117590.002
X84,606.0,8309.879973948595,18934.79705860748,0.943657023,17.57535214,300.5054588,5090.0319875000005,116219.9156
X85,606.0,8323.302940940299,18972.975106827904,0.943662935,17.791681212500002,300.48858175,5042.08259025,115070.5808
X86,606.0,8338.440060732932,19015.152162226732,0.938901041,17.8828217675,300.4755514,5081.5835705,114106.4295
X87,606.0,8353.102968436879,19063.74668251487,0.934752679,17.882826389999998,300.46549085000004,5081.7983075,113297.6245
X88,606.0,8368.317359818453,19121.334078325996,0.881507588,17.5744367575,300.45772339999996,5084.0856515,112786.4921
X89,606.0,8371.347426928842,19104.41052960561,0.928445099,17.8828327625,300.45172625,5085.97688,112786.0657
X90,606.0,8364.753294477992,19071.19337409577,0.926067964,17.5741638725,300.447096,5087.5405915,112785.7025
X91,606.0,8359.357807405686,19046.135684105495,0.924093514,17.882836604999998,300.44352105,5095.723894,112785.3933
X92,606.0,8354.945308467899,19027.05933994505,0.922453533,17.882837905000002,300.44076095,5106.89965325,112967.9423
X93,606.0,8351.33836994614,19012.417462210644,0.921091364,17.7917034575,300.43862985,5116.2920322499995,113345.571
X94,606.0,8348.391161389554,19001.098638828516,0.919959945,17.5738293725,300.43698455000003,5137.23491075,113665.6586
X95,606.0,8345.983930991883,18992.294814284698,0.919020188,17.5737753775,300.4357142,5155.527096,113936.9729
X96,606.0,8344.01842462029,18985.411560661807,0.918239624,17.645814310000002,300.4347334,5163.50620375,114166.9458
X97,606.0,8342.414086101759,18980.00662874165,0.917591288,17.7943370125,300.43397615000003,5152.2216152500005,114361.8766
X98,606.0,8341.104917486073,18975.747490946665,0.917052778,17.837827309999998,300.43339145,5142.623813,114527.1048
X99,606.0,8340.036881171174,18972.381674910568,0.916605492,17.8741280275,300.4329401,5134.4607375,114667.1565
X100,606.0,8339.16575818577,18969.715813915376,0.916233976,17.88165252,300.4325916,5127.51798275,114785.8678
